Year,Canton,GDP_pc
1981,Zurich,30038.706966253136
1982,Zurich,29643.829356288777
1983,Zurich,28645.195933460294
1984,Zurich,26327.454143795967
1985,Zurich,25980.05117328174
1986,Zurich,36364.35779530066
1987,Zurich,44151.53868870162
1988,Zurich,46541.101555151516
1989,Zurich,43718.636266885085
1990,Zurich,54354.33172364331
1991,Zurich,53346.55267704264
1992,Zurich,54150.31327401307
1993,Zurich,51439.079394153334
1994,Zurich,55842.770921980045
1995,Zurich,64161.27753827241
1996,Zurich,60949.758099292616
1997,Zurich,52208.68791654052
1998,Zurich,53127.24473415408
1999,Zurich,51483.83947587992
2000,Zurich,47700.71300349245
2001,Zurich,47418.844906409424
2002,Zurich,51545.894175396825
2003,Zurich,59542.44164882664
2004,Zurich,65842.54474140328
2005,Zurich,67477.25481472563
2006,Zurich,70718.8625425565
2007,Zurich,77839.19620421145
2008,Zurich,102323.74516
2009,Zurich,98814.45427
2010,Zurich,99866.97892
2011,Zurich,99998.52701
2012,Zurich,100062.70919
2013,Zurich,100011.26535
2014,Zurich,100621.38694
2015,Zurich,99315.95436
2016,Zurich,99026.13561
2017,Zurich,99395.09035
2018,Zurich,103713.58304
2019,Zurich,101489.15744
2020,Zurich,96490.8495
2021,Zurich,98092.85669
2022,Zurich,104619.53263
1981,Berne,18793.729673792626
1982,Berne,18805.668627729436
1983,Berne,18411.818535671253
1984,Berne,17132.677109060245
1985,Berne,17104.925347509525
1986,Berne,24206.195239934324
1987,Berne,29694.83055285182
1988,Berne,31606.801718991042
1989,Berne,29960.745865487446
1990,Berne,37566.7451002508
1991,Berne,37162.74751931864
1992,Berne,38000.55185390185
1993,Berne,36343.874938883695
1994,Berne,39702.82699316044
1995,Berne,45879.26044690907
1996,Berne,43810.83751277776
1997,Berne,37705.093921798805
1998,Berne,38530.76302276137
1999,Berne,37478.584687645045
2000,Berne,34837.82567377745
2001,Berne,34728.480807256725
2002,Berne,37838.566128957726
2003,Berne,43789.7251784635
2004,Berne,48490.66472359389
2005,Berne,49741.31831086039
2006,Berne,52156.33306777682
2007,Berne,57409.848860748076
2008,Berne,75468.2863
2009,Berne,73888.52138
2010,Berne,75988.54209
2011,Berne,77088.8549
2012,Berne,76861.8632
2013,Berne,77568.2419
2014,Berne,78287.01841
2015,Berne,77481.88529
2016,Berne,76650.62562
2017,Berne,76692.95612
2018,Berne,78191.44501
2019,Berne,79409.63507
2020,Berne,77392.62035
2021,Berne,81450.60794
2022,Berne,85151.01114
1981,Lucerne,12527.911814935054
1982,Lucerne,12803.199789696184
1983,Lucerne,12779.54276114742
1984,Lucerne,12104.209716215546
1985,Lucerne,12282.765383536087
1986,Lucerne,17643.898553646777
1987,Lucerne,21944.28665627227
1988,Lucerne,23654.675477008033
1989,Lucerne,22685.388630582875
1990,Lucerne,28750.739401935924
1991,Lucerne,28722.95204747966
1992,Lucerne,29637.166858576766
1993,Lucerne,28580.903009385096
1994,Lucerne,31459.840809881753
1995,Lucerne,36605.97566966551
1996,Lucerne,35175.748019572995
1997,Lucerne,30445.80759562259
1998,Lucerne,31271.761901206424
1999,Lucerne,30556.76664976064
2000,Lucerne,28518.46905117645
2001,Lucerne,28529.319994482794
2002,Lucerne,31178.642478822792
2003,Lucerne,36174.61659202181
2004,Lucerne,40141.74156635711
2005,Lucerne,41244.19641744419
2006,Lucerne,43297.64646351111
2007,Lucerne,47693.78197313161
2008,Lucerne,62696.00189
2009,Lucerne,60575.24796
2010,Lucerne,63978.76757
2011,Lucerne,64471.08224
2012,Lucerne,64476.83895
2013,Lucerne,65644.21506
2014,Lucerne,66257.0436
2015,Lucerne,66378.39139
2016,Lucerne,66806.78241
2017,Lucerne,67275.41429
2018,Lucerne,68114.51215
2019,Lucerne,68810.2807
2020,Lucerne,67609.04691
2021,Lucerne,72007.3977
2022,Lucerne,75544.49424
1981,Uri,9050.427056806495
1982,Uri,9316.171322591932
1983,Uri,9358.562621434388
1984,Uri,8914.569767960755
1985,Uri,9092.12348891893
1986,Uri,13120.092203154149
1987,Uri,16384.461390126766
1988,Uri,17726.134834789966
1989,Uri,17055.5915038814
1990,Uri,21679.36005687773
1991,Uri,21715.535449766146
1992,Uri,22459.552166276313
1993,Uri,21704.623765137716
1994,Uri,23935.491306759654
1995,Uri,27896.66798915858
1996,Uri,26845.381848409314
1997,Uri,23264.647387670717
1998,Uri,23921.343222287585
1999,Uri,23395.391795034382
2000,Uri,21850.817037808745
2001,Uri,21871.72712760473
2002,Uri,23912.94065589846
2003,Uri,27752.341258717523
2004,Uri,30799.878510145387
2005,Uri,31645.42639506991
2006,Uri,33215.9402068921
2007,Uri,36577.77481148648
2008,Uri,48083.42186
2009,Uri,47937.87561
2010,Uri,48046.77671
2011,Uri,50061.43402
2012,Uri,50627.54122
2013,Uri,52086.56524
2014,Uri,52121.13241
2015,Uri,52365.85308
2016,Uri,52579.83453
2017,Uri,53343.92965
2018,Uri,53966.89223
2019,Uri,54714.79578
2020,Uri,53909.57131
2021,Uri,56559.55644
2022,Uri,58391.59543
1981,Schwyz,11484.492881323002
1982,Schwyz,11743.498490509566
1983,Schwyz,11728.14365627866
1984,Schwyz,11114.155675242355
1985,Schwyz,11283.789777849579
1986,Schwyz,16216.84208992241
1987,Schwyz,20179.08275283234
1988,Schwyz,21762.13625751363
1989,Schwyz,20880.101996810987
1990,Schwyz,26474.964123597034
1991,Schwyz,26461.487799445502
1992,Schwyz,27316.1965127694
1993,Schwyz,26354.69590448288
1994,Schwyz,29022.702806762583
1995,Schwyz,33785.77595097152
1996,Schwyz,32480.87108948702
1997,Schwyz,28126.558284557766
1998,Schwyz,28903.40903822134
1999,Schwyz,28256.286988603562
2000,Schwyz,26384.491535063236
2001,Schwyz,26407.854409210457
2002,Schwyz,28875.06238036622
2003,Schwyz,33519.61915880635
2004,Schwyz,37215.74127186018
2005,Schwyz,38259.13148696177
2006,Schwyz,40186.98317471684
2007,Schwyz,44293.439284135835
2008,Schwyz,58226.07137
2009,Schwyz,58065.05012
2010,Schwyz,58561.3858
2011,Schwyz,57965.64979
2012,Schwyz,58080.29343
2013,Schwyz,59043.12761
2014,Schwyz,59298.64954
2015,Schwyz,60288.59125
2016,Schwyz,60093.55854
2017,Schwyz,60766.26468
2018,Schwyz,61429.34501
2019,Schwyz,62285.85086
2020,Schwyz,62121.39861
2021,Schwyz,66812.39198
2022,Schwyz,70738.63411
1981,Obwalden,15041.607489733877
1982,Obwalden,15143.064349276021
1983,Obwalden,14910.141882328184
1984,Obwalden,13947.649242084868
1985,Obwalden,13993.64565381481
1986,Obwalden,19894.111697965043
1987,Obwalden,24509.341456334947
1988,Obwalden,26191.32702999092
1989,Obwalden,24919.374493329055
1990,Obwalden,31353.3709519899
1991,Obwalden,31115.708208238753
1992,Obwalden,31911.9856040412
1993,Obwalden,30605.06186451934
1994,Obwalden,33519.09780713269
1995,Obwalden,38824.96900155513
1996,Obwalden,37155.13386553514
1997,Obwalden,32040.70080809222
1998,Obwalden,32801.93529514844
1999,Obwalden,31958.971823882977
2000,Obwalden,29751.48856063572
2001,Obwalden,29697.773409477555
2002,Obwalden,32395.708539588377
2003,Obwalden,37529.745163113424
2004,Obwalden,41595.78942829006
2005,Obwalden,42700.67830280019
2006,Obwalden,44801.25075321983
2007,Obwalden,49337.27925221396
2008,Obwalden,64856.46609
2009,Obwalden,63272.39526
2010,Obwalden,66244.82684
2011,Obwalden,66591.46346
2012,Obwalden,66509.98506
2013,Obwalden,65383.3532
2014,Obwalden,64988.47575
2015,Obwalden,65464.52978
2016,Obwalden,66512.43178
2017,Obwalden,66576.69961
2018,Obwalden,66840.00532
2019,Obwalden,69422.38856
2020,Obwalden,67842.80021
2021,Obwalden,71492.86541
2022,Obwalden,74902.28212
1981,Nidwalden,12328.675647220281
1982,Nidwalden,12606.279103165742
1983,Nidwalden,12587.372699541198
1984,Nidwalden,11924.402993297665
1985,Nidwalden,12100.758383508106
1986,Nidwalden,17380.749549430886
1987,Nidwalden,21612.185824782453
1988,Nidwalden,23288.788123285613
1989,Nidwalden,22324.468408026354
1990,Nidwalden,28277.67015561985
1991,Nidwalden,28231.889407463717
1992,Nidwalden,29108.633611748493
1993,Nidwalden,28047.51618551937
1994,Nidwalden,30843.816128673952
1995,Nidwalden,35852.29224269022
1996,Nidwalden,34412.96046106954
1997,Nidwalden,29749.53983341103
1998,Nidwalden,30516.810693554395
1999,Nidwalden,29777.460028072466
2000,Nidwalden,27749.71703366343
2001,Nidwalden,27716.188349235854
2002,Nidwalden,30238.860617655617
2003,Nidwalden,35021.37892831891
2004,Nidwalden,38788.220046528375
2005,Nidwalden,39767.314998722555
2006,Nidwalden,41639.80589282656
2007,Nidwalden,45791.73841072546
2008,Nidwalden,60195.66491
2009,Nidwalden,59360.92054
2010,Nidwalden,64141.51094
2011,Nidwalden,65184.8042
2012,Nidwalden,66199.6331
2013,Nidwalden,69083.43789
2014,Nidwalden,70625.69367
2015,Nidwalden,75216.92551
2016,Nidwalden,72119.00085
2017,Nidwalden,70782.5393
2018,Nidwalden,71112.82431
2019,Nidwalden,70109.32181
2020,Nidwalden,66192.27673
2021,Nidwalden,72016.88882
2022,Nidwalden,74951.93982
1981,Glarus,13790.235678581224
1982,Glarus,14005.584768351333
1983,Glarus,13901.404980382571
1984,Glarus,13100.226450608574
1985,Glarus,13232.702167142039
1986,Glarus,18929.75466267854
1987,Glarus,23455.16449933975
1988,Glarus,25197.212235704264
1989,Glarus,24090.059123349154
1990,Glarus,30445.43664591104
1991,Glarus,30338.816430448293
1992,Glarus,31232.61043636112
1993,Glarus,30057.115476205214
1994,Glarus,33023.145362616495
1995,Glarus,38360.94175601749
1996,Glarus,36807.433968084864
1997,Glarus,31816.298318957794
1998,Glarus,32641.908367333766
1999,Glarus,31863.9282005325
2000,Glarus,29713.35019232446
2001,Glarus,29703.84147353809
2002,Glarus,32443.999605223544
2003,Glarus,37626.65335291893
2004,Glarus,41740.67222486953
2005,Glarus,42879.89262612256
2006,Glarus,45013.0074669161
2007,Glarus,49587.61462247968
2008,Glarus,65185.54519
2009,Glarus,63054.44271
2010,Glarus,64335.53468
2011,Glarus,65636.2676
2012,Glarus,65556.79306
2013,Glarus,67904.01861
2014,Glarus,68513.10872
2015,Glarus,68557.40736
2016,Glarus,67824.12925
2017,Glarus,70284.45461
2018,Glarus,69103.41579
2019,Glarus,71394.82607
2020,Glarus,68122.34075
2021,Glarus,72844.15684
2022,Glarus,75429.85326
1981,Zug,28247.179186349764
1982,Zug,28991.257576000255
1983,Zug,29047.06961280154
1984,Zug,27604.295500354412
1985,Zug,28094.908284563422
1986,Zug,40464.530280235645
1987,Zug,50445.58730241758
1988,Zug,54491.30041902344
1989,Zug,52355.568377957316
1990,Zug,66462.96979199043
1991,Zug,66495.09379748433
1992,Zug,68698.88610011483
1993,Zug,66323.89757774006
1994,Zug,73074.41868392141
1995,Zug,85096.87093856717
1996,Zug,81827.52145715096
1997,Zug,70863.53896726239
1998,Zug,72817.28078902482
1999,Zug,71174.75348524704
2000,Zug,66440.48253102384
2001,Zug,66472.0374958051
2002,Zug,72644.03014213803
2003,Zug,84274.62540028708
2004,Zug,93496.39138316739
2005,Zug,96033.57749425803
2006,Zug,100772.51366437729
2007,Zug,110946.29523753162
2008,Zug,145844.77993
2009,Zug,143392.56175
2010,Zug,156439.30074
2011,Zug,154733.00457
2012,Zug,155396.0548
2013,Zug,161266.52953
2014,Zug,153635.02098
2015,Zug,158888.22937
2016,Zug,159093.19642
2017,Zug,153188.19458
2018,Zug,155986.4803
2019,Zug,159608.56596
2020,Zug,158474.32218
2021,Zug,175117.63251
2022,Zug,192957.78069
1981,Fribourg,16020.990680350298
1982,Fribourg,15933.539037636887
1983,Fribourg,15511.204102237813
1984,Fribourg,14357.153075569466
1985,Fribourg,14263.265640980428
1986,Fribourg,20092.394058823826
1987,Fribourg,24543.642860271375
1988,Fribourg,26021.419820067105
1989,Fribourg,24576.993414167104
1990,Fribourg,30713.79838098328
1991,Fribourg,30291.091739100873
1992,Fribourg,30888.236841441325
1993,Fribourg,29467.652604158517
1994,Fribourg,32118.72166175693
1995,Fribourg,37041.10377848437
1996,Fribourg,35308.9689684662
1997,Fribourg,30341.8572660469
1998,Fribourg,30966.26119832892
1999,Fribourg,30088.58157425057
2000,Fribourg,27944.960877565612
2001,Fribourg,27839.870528442614
2002,Fribourg,30320.669730585832
2003,Fribourg,35082.5936186129
2004,Fribourg,38849.44081105663
2005,Fribourg,39860.455131215764
2006,Fribourg,41813.938077620434
2007,Fribourg,46055.33943907825
2008,Fribourg,60542.18242
2009,Fribourg,57957.304
2010,Fribourg,58846.99067
2011,Fribourg,59184.41654
2012,Fribourg,58406.27526
2013,Fribourg,59940.15255
2014,Fribourg,60364.19322
2015,Fribourg,59779.17186
2016,Fribourg,59057.38507
2017,Fribourg,59418.13702
2018,Fribourg,60166.19795
2019,Fribourg,60764.23927
2020,Fribourg,58356.5492
2021,Fribourg,61885.06985
2022,Fribourg,64502.43149
1981,Solothurn,16599.7370755313
1982,Solothurn,16593.34099455373
1983,Solothurn,16230.899059065849
1984,Solothurn,15090.843377910187
1985,Solothurn,15055.362777890547
1986,Solothurn,21291.965031885786
1987,Solothurn,26105.07186682154
1988,Solothurn,27772.406655986626
1989,Solothurn,26315.231890143757
1990,Solothurn,32984.599434917145
1991,Solothurn,32621.12008058781
1992,Solothurn,33349.8379234952
1993,Solothurn,31891.601021041923
1994,Solothurn,34836.58191534291
1995,Solothurn,40255.62876128389
1996,Solothurn,38442.74475927285
1997,Solothurn,33088.839730033986
1998,Solothurn,33819.210214211686
1999,Solothurn,32903.24429401823
2000,Solothurn,30593.656034205113
2001,Solothurn,30508.1495221997
2002,Solothurn,33253.65163506717
2003,Solothurn,38501.380706669675
2004,Solothurn,42656.62533201025
2005,Solothurn,43781.9282671904
2006,Solothurn,45936.61776270691
2007,Solothurn,50598.554689875535
2008,Solothurn,66514.47944
2009,Solothurn,63651.47314
2010,Solothurn,65312.25308
2011,Solothurn,66050.58052
2012,Solothurn,65900.50684
2013,Solothurn,66432.07754
2014,Solothurn,66920.31731
2015,Solothurn,66645.19533
2016,Solothurn,65934.94322
2017,Solothurn,66145.7806
2018,Solothurn,67457.03984
2019,Solothurn,67903.86865
2020,Solothurn,65642.48585
2021,Solothurn,69777.7901
2022,Solothurn,73802.94804
1981,Basel-Stadt,16572.430949683778
1982,Basel-Stadt,18622.974168441433
1983,Basel-Stadt,20100.088973652288
1984,Basel-Stadt,20328.03700105635
1985,Basel-Stadt,21811.24210652449
1986,Basel-Stadt,32871.71679357805
1987,Basel-Stadt,42623.423303716874
1988,Basel-Stadt,47651.579509767056
1989,Basel-Stadt,47189.16572438899
1990,Basel-Stadt,61527.72686769768
1991,Basel-Stadt,63036.93889081523
1992,Basel-Stadt,66519.50945615149
1993,Basel-Stadt,65446.45544493925
1994,Basel-Stadt,73339.62920070419
1995,Basel-Stadt,86712.52875859875
1996,Basel-Stadt,84524.20568648
1997,Basel-Stadt,74097.60285045959
1998,Basel-Stadt,76976.5489838004
1999,Basel-Stadt,75977.2520851625
2000,Basel-Stadt,71541.07388673713
2001,Basel-Stadt,72126.07869325003
2002,Basel-Stadt,79355.72312383588
2003,Basel-Stadt,92601.61694076202
2004,Basel-Stadt,103251.98712701553
2005,Basel-Stadt,106503.35296687025
2006,Basel-Stadt,112146.75839909802
2007,Basel-Stadt,123805.47184421471
2008,Basel-Stadt,162748.8485
2009,Basel-Stadt,159273.05601
2010,Basel-Stadt,160120.14517
2011,Basel-Stadt,167406.14393
2012,Basel-Stadt,165225.87623
2013,Basel-Stadt,165806.16182
2014,Basel-Stadt,168966.82325
2015,Basel-Stadt,171363.21609
2016,Basel-Stadt,182931.84427
2017,Basel-Stadt,190585.56871
2018,Basel-Stadt,196103.65976
2019,Basel-Stadt,196189.12153
2020,Basel-Stadt,192091.54824
2021,Basel-Stadt,203812.44508
2022,Basel-Stadt,209781.83042
1981,Basel-Landschaft,16482.068626581626
1982,Basel-Landschaft,16546.17025615506
1983,Basel-Landschaft,16248.735226828565
1984,Basel-Landschaft,15162.590047206693
1985,Basel-Landschaft,15177.908604187047
1986,Basel-Landschaft,21531.917076988335
1987,Basel-Landschaft,26474.64957949797
1988,Basel-Landschaft,28239.393137415653
1989,Basel-Landschaft,26821.87316900725
1990,Basel-Landschaft,33693.14626296857
1991,Basel-Landschaft,33388.0006179057
1992,Basel-Landschaft,34195.0393134099
1993,Basel-Landschaft,32752.441540798067
1994,Basel-Landschaft,35828.13017869659
1995,Basel-Landschaft,41453.6267530528
1996,Basel-Landschaft,39630.19062729147
1997,Basel-Landschaft,34142.86070225356
1998,Basel-Landschaft,34923.767882102
1999,Basel-Landschaft,33999.29973940416
2000,Basel-Landschaft,31628.02366535181
2001,Basel-Landschaft,31550.264763277293
2002,Basel-Landschaft,34396.24391528048
2003,Basel-Landschaft,39826.433444109556
2004,Basel-Landschaft,44120.92218320146
2005,Basel-Landschaft,45274.73786903858
2006,Basel-Landschaft,47485.752495349494
2007,Basel-Landschaft,52278.85302738797
2008,Basel-Landschaft,68723.32058
2009,Basel-Landschaft,66940.59769
2010,Basel-Landschaft,68914.93982
2011,Basel-Landschaft,69993.97308
2012,Basel-Landschaft,69043.40418
2013,Basel-Landschaft,69638.20328
2014,Basel-Landschaft,71249.33297
2015,Basel-Landschaft,72014.31833
2016,Basel-Landschaft,71848.64093
2017,Basel-Landschaft,72396.93919
2018,Basel-Landschaft,72395.94544
2019,Basel-Landschaft,72078.22705
2020,Basel-Landschaft,70512.80237
2021,Basel-Landschaft,74053.08634
2022,Basel-Landschaft,77692.91593
1981,Schaffhausen,16503.86112533138
1982,Schaffhausen,16856.626633109252
1983,Schaffhausen,16816.501555037183
1984,Schaffhausen,15920.064179175273
1985,Schaffhausen,16147.669923300871
1986,Schaffhausen,23186.155636168663
1987,Schaffhausen,28826.33963233423
1988,Schaffhausen,31062.09013062976
1989,Schaffhausen,29779.407523070415
1990,Schaffhausen,37729.78764999367
1991,Schaffhausen,37682.379001367844
1992,Schaffhausen,38871.146631555544
1993,Schaffhausen,37476.13711383332
1994,Schaffhausen,41241.0507329718
1995,Schaffhausen,47976.11247474365
1996,Schaffhausen,46091.54818168172
1997,Schaffhausen,39885.48698316408
1998,Schaffhausen,40959.37696865899
1999,Schaffhausen,40015.26999162841
2000,Schaffhausen,37339.230099727996
2001,Schaffhausen,37346.89472022277
2002,Schaffhausen,40808.163841481095
2003,Schaffhausen,47339.444433729164
2004,Schaffhausen,52522.7135376523
2005,Schaffhausen,53956.982543808874
2006,Schaffhausen,56634.998886728565
2007,Schaffhausen,62376.343287258685
2008,Schaffhausen,81997.00621
2009,Schaffhausen,79300.43226
2010,Schaffhausen,85304.65349
2011,Schaffhausen,86207.61439
2012,Schaffhausen,86753.79895
2013,Schaffhausen,87649.99411
2014,Schaffhausen,85987.03021
2015,Schaffhausen,84853.00406
2016,Schaffhausen,85020.43463
2017,Schaffhausen,85286.79476
2018,Schaffhausen,87820.27216
2019,Schaffhausen,88763.84782
2020,Schaffhausen,87545.84331
2021,Schaffhausen,99364.87606
2022,Schaffhausen,100958.50056
1981,Appenzell A. Rh.,9171.659453223172
1982,Appenzell A. Rh.,9544.136874048163
1983,Appenzell A. Rh.,9679.862129078703
1984,Appenzell A. Rh.,9299.367204563265
1985,Appenzell A. Rh.,9556.877183075694
1986,Appenzell A. Rh.,13885.068977454466
1987,Appenzell A. Rh.,17446.717399763445
1988,Appenzell A. Rh.,18980.801061459093
1989,Appenzell A. Rh.,18355.51827899251
1990,Appenzell A. Rh.,23439.738206680373
1991,Appenzell A. Rh.,23578.31059819698
1992,Appenzell A. Rh.,24480.90098070799
1993,Appenzell A. Rh.,23742.53802538848
1994,Appenzell A. Rh.,26269.026989316317
1995,Appenzell A. Rh.,30709.359962374456
1996,Appenzell A. Rh.,29635.009658529078
1997,Appenzell A. Rh.,25748.86910454539
1998,Appenzell A. Rh.,26539.35181250521
1999,Appenzell A. Rh.,26013.677081581653
2000,Appenzell A. Rh.,24346.429665594307
2001,Appenzell A. Rh.,24416.39449949185
2002,Appenzell A. Rh.,26742.468812038216
2003,Appenzell A. Rh.,31087.18344455809
2004,Appenzell A. Rh.,34553.38912353818
2005,Appenzell A. Rh.,35551.850072716734
2006,Appenzell A. Rh.,37364.551351326176
2007,Appenzell A. Rh.,41195.2490412343
2008,Appenzell A. Rh.,54153.33624
2009,Appenzell A. Rh.,51970.52671
2010,Appenzell A. Rh.,54359.66791
2011,Appenzell A. Rh.,55364.54805
2012,Appenzell A. Rh.,55281.21612
2013,Appenzell A. Rh.,57016.45459
2014,Appenzell A. Rh.,57529.06056
2015,Appenzell A. Rh.,57596.81133
2016,Appenzell A. Rh.,57496.55064
2017,Appenzell A. Rh.,56525.20067
2018,Appenzell A. Rh.,57983.55776
2019,Appenzell A. Rh.,58809.87622
2020,Appenzell A. Rh.,61658.43759
2021,Appenzell A. Rh.,64886.47294
2022,Appenzell A. Rh.,67340.82544
1981,Appenzell I. Rh.,6058.045755580356
1982,Appenzell I. Rh.,6356.947991713257
1983,Appenzell I. Rh.,6782.326448307625
1984,Appenzell I. Rh.,6855.433132736023
1985,Appenzell I. Rh.,7351.45760592624
1986,Appenzell I. Rh.,11072.934213475612
1987,Appenzell I. Rh.,14349.23138221316
1988,Appenzell I. Rh.,16032.064263086411
1989,Appenzell I. Rh.,15866.361425930168
1990,Appenzell I. Rh.,20673.743257402628
1991,Appenzell I. Rh.,21166.356789926514
1992,Appenzell I. Rh.,22319.86437873139
1993,Appenzell I. Rh.,21943.612206166177
1994,Appenzell I. Rh.,24571.25188558872
1995,Appenzell I. Rh.,29028.407769433776
1996,Appenzell I. Rh.,28272.257501037962
1997,Appenzell I. Rh.,24763.143108649438
1998,Appenzell I. Rh.,25701.906021519397
1999,Appenzell I. Rh.,25344.142447599683
2000,Appenzell I. Rh.,23840.595560157395
2001,Appenzell I. Rh.,24010.46840548933
2002,Appenzell I. Rh.,26388.254515804416
2003,Appenzell I. Rh.,30757.479758164878
2004,Appenzell I. Rh.,34253.43080733555
2005,Appenzell I. Rh.,35286.938038150874
2006,Appenzell I. Rh.,37106.638256226455
2007,Appenzell I. Rh.,40905.847819785
2008,Appenzell I. Rh.,53772.90301
2009,Appenzell I. Rh.,52307.05236
2010,Appenzell I. Rh.,56255.05655
2011,Appenzell I. Rh.,57615.36607
2012,Appenzell I. Rh.,58016.07766
2013,Appenzell I. Rh.,60022.56372
2014,Appenzell I. Rh.,62290.25039
2015,Appenzell I. Rh.,62349.77253
2016,Appenzell I. Rh.,63088.11359
2017,Appenzell I. Rh.,62463.21522
2018,Appenzell I. Rh.,64132.89292
2019,Appenzell I. Rh.,64876.50224
2020,Appenzell I. Rh.,64336.08126
2021,Appenzell I. Rh.,70891.68816
2022,Appenzell I. Rh.,75525.90804
1981,St. Gallen,16937.781599750866
1982,St. Gallen,17064.27496712907
1983,St. Gallen,16813.46616253776
1984,St. Gallen,15738.698224506381
1985,St. Gallen,15800.944308102828
1986,St. Gallen,22477.82084432369
1987,St. Gallen,27709.76371296215
1988,St. Gallen,29629.553413764523
1989,St. Gallen,28207.64543057679
1990,St. Gallen,35511.7788368277
1991,St. Gallen,35263.337813325175
1992,St. Gallen,36186.84884235558
1993,St. Gallen,34724.952567236054
1994,St. Gallen,38053.1817506954
1995,St. Gallen,44102.107169303985
1996,St. Gallen,42229.54760328758
1997,St. Gallen,36437.55820242556
1998,St. Gallen,37324.76945492834
1999,St. Gallen,36386.64964070033
2000,St. Gallen,33893.093750334665
2001,St. Gallen,33851.796503893245
2002,St. Gallen,36949.0387883618
2003,St. Gallen,42830.39234353462
2004,St. Gallen,47499.60162741699
2005,St. Gallen,48791.408597087044
2006,St. Gallen,51223.704803917644
2007,St. Gallen,56445.98417354192
2008,St. Gallen,74201.23513
2009,St. Gallen,71318.55059
2010,St. Gallen,73715.06639
2011,St. Gallen,74762.19114
2012,St. Gallen,72862.79441
2013,St. Gallen,74152.95849
2014,St. Gallen,74702.30724
2015,St. Gallen,73729.09645
2016,St. Gallen,74090.80992
2017,St. Gallen,74339.89327
2018,St. Gallen,75211.78945
2019,St. Gallen,76513.49367
2020,St. Gallen,75300.87524
2021,St. Gallen,81530.95811
2022,St. Gallen,85320.15123
1981,Graubünden,13522.50765908045
1982,Graubünden,13815.005395368697
1983,Graubünden,13785.01868685702
1984,Graubünden,13052.46229775949
1985,Graubünden,13240.9664503597
1986,Graubünden,19014.652254533506
1987,Graubünden,23642.19120485664
1988,Graubünden,25477.522966782173
1989,Graubünden,24426.508039247143
1990,Graubünden,30948.50451199045
1991,Graubünden,30909.737359372924
1992,Graubünden,31884.398379667055
1993,Graubünden,30739.1691856174
1994,Graubünden,33825.663579251246
1995,Graubünden,39347.22142587885
1996,Graubünden,37798.62751764706
1997,Graubünden,32706.103380770488
1998,Graubünden,33583.0372890953
1999,Graubünden,32804.89978369507
2000,Graubünden,30606.825520217117
2001,Graubünden,30608.42658877654
2002,Graubünden,33439.571522914164
2003,Graubünden,38784.430998481526
2004,Graubünden,43022.47549152665
2005,Graubünden,44187.86999668176
2006,Graubünden,46370.36252828043
2007,Graubünden,51058.54915341548
2008,Graubünden,67119.16652
2009,Graubünden,66660.75973
2010,Graubünden,68235.59028
2011,Graubünden,69827.49845
2012,Graubünden,70543.17943
2013,Graubünden,72148.954
2014,Graubünden,72283.42274
2015,Graubünden,71398.05536
2016,Graubünden,71547.14562
2017,Graubünden,71473.48096
2018,Graubünden,73188.77278
2019,Graubünden,75173.63098
2020,Graubünden,73297.28147
2021,Graubünden,77425.09638
2022,Graubünden,82817.283
1981,Aargau,20072.994462036826
1982,Aargau,19779.513138519695
1983,Aargau,19085.96218104322
1984,Aargau,17517.924336192053
1985,Aargau,17264.571191934043
1986,Aargau,24135.936987187797
1987,Aargau,29270.95596050214
1988,Aargau,30822.002820240905
1989,Aargau,28923.722696062894
1990,Aargau,35926.53346386084
1991,Aargau,35229.883349470096
1992,Aargau,35732.184137360775
1993,Aargau,33918.41166254852
1994,Aargau,36797.89059414462
1995,Aargau,42254.45018298528
1996,Aargau,40118.5010354158
1997,Aargau,34349.343959198966
1998,Aargau,34940.2122762497
1999,Aargau,33848.64562388046
2000,Aargau,31353.5577600344
2001,Aargau,31162.61572804704
2002,Aargau,33870.943432128835
2003,Aargau,39123.64964721664
2004,Aargau,43264.129976433345
2005,Aargau,44342.12212749668
2006,Aargau,46479.45257238636
2007,Aargau,51170.496526675684
2008,Aargau,67266.32727
2009,Aargau,64629.84185
2010,Aargau,64828.75155
2011,Aargau,65338.37445
2012,Aargau,64720.47965
2013,Aargau,65251.4065
2014,Aargau,65317.99651
2015,Aargau,64040.47349
2016,Aargau,63974.67966
2017,Aargau,64084.08115
2018,Aargau,64760.29886
2019,Aargau,65260.3352
2020,Aargau,63928.76128
2021,Aargau,64328.29665
2022,Aargau,67224.21811
1981,Thurgau,13284.554186674604
1982,Thurgau,13430.875670083415
1983,Thurgau,13276.077470822258
1984,Thurgau,12464.05289693634
1985,Thurgau,12547.110770512596
1986,Thurgau,17893.133170803565
1987,Thurgau,22107.80811085158
1988,Thurgau,23688.346346332666
1989,Thurgau,22594.12035050724
1990,Thurgau,28493.614715558117
1991,Thurgau,28338.53196573595
1992,Thurgau,29121.918779588843
1993,Thurgau,27981.200922031137
1994,Thurgau,30698.31834697053
1995,Thurgau,35614.61185699856
1996,Thurgau,34133.39324604017
1997,Thurgau,29475.25698631322
1998,Thurgau,30213.697334765122
1999,Thurgau,29471.48626298282
2000,Thurgau,27465.070506240274
2001,Thurgau,27442.16324823199
2002,Thurgau,29961.63709917586
2003,Thurgau,34737.5965197659
2004,Thurgau,38528.60314354597
2005,Thurgau,39577.01641770671
2006,Thurgau,41546.86770393499
2007,Thurgau,45775.11082644676
2008,Thurgau,60173.80707
2009,Thurgau,57676.86148
2010,Thurgau,60049.12909
2011,Thurgau,61140.95936
2012,Thurgau,61197.87498
2013,Thurgau,61744.37033
2014,Thurgau,61775.835
2015,Thurgau,60471.74375
2016,Thurgau,60973.61835
2017,Thurgau,60754.59085
2018,Thurgau,61758.11487
2019,Thurgau,62437.01408
2020,Thurgau,62438.47718
2021,Thurgau,67950.32688
2022,Thurgau,70504.15252
1981,Ticino,15478.30176569592
1982,Ticino,15887.623837104013
1983,Ticino,15920.836654391132
1984,Ticino,15133.423452976309
1985,Ticino,15406.650935565116
1986,Ticino,22197.12373240025
1987,Ticino,27682.614333233872
1988,Ticino,29915.201299164866
1989,Ticino,28755.889555485257
1990,Ticino,36522.508320923625
1991,Ticino,36559.87748051785
1992,Ticino,37793.42017295867
1993,Ticino,36509.41627673974
1994,Ticino,40251.822162486154
1995,Ticino,46906.840581379794
1996,Ticino,45137.93669169596
1997,Ticino,39120.32645119926
1998,Ticino,40231.79695838818
1999,Ticino,39358.160943065275
2000,Ticino,36773.465141300774
2001,Ticino,36825.91121371094
2002,Ticino,40285.405123610195
2003,Ticino,46784.21765365155
2004,Ticino,51960.64707347719
2005,Ticino,53432.25394098408
2006,Ticino,56136.83277066741
2007,Ticino,61882.826081307096
2008,Ticino,81348.25171
2009,Ticino,78763.07969
2010,Ticino,80201.02554
2011,Ticino,82692.57425
2012,Ticino,82657.7332
2013,Ticino,84462.99115
2014,Ticino,85098.56111
2015,Ticino,84358.79028
2016,Ticino,83712.37341
2017,Ticino,82716.02446
2018,Ticino,86333.37254
2019,Ticino,87935.75143
2020,Ticino,82616.68293
2021,Ticino,94900.16161
2022,Ticino,102190.34939
1981,Vaud,16650.282904609656
1982,Vaud,16703.449402686514
1983,Vaud,16392.357184636607
1984,Vaud,15286.97330616522
1985,Vaud,15293.195982953697
1986,Vaud,21682.937779446984
1987,Vaud,26645.55114281728
1988,Vaud,28406.51892177077
1989,Vaud,26966.728653773687
1990,Vaud,33858.27757244176
1991,Vaud,33535.50296037441
1992,Vaud,34330.096834905235
1993,Vaud,32866.91619590003
1994,Vaud,35937.52125743659
1995,Vaud,41562.348519370826
1996,Vaud,39717.48291941292
1997,Vaud,34204.04748630156
1998,Vaud,34972.31427308048
1999,Vaud,34033.15582022826
2000,Vaud,31647.267607893096
2001,Vaud,31557.435718821132
2002,Vaud,34391.1391410336
2003,Vaud,39805.75010407486
2004,Vaud,44081.82414483572
2005,Vaud,45218.166544728025
2006,Vaud,47409.299085215316
2007,Vaud,52175.95169520274
2008,Vaud,68588.05133
2009,Vaud,67109.79476
2010,Vaud,69836.27565
2011,Vaud,70042.97428
2012,Vaud,73353.60466
2013,Vaud,70497.44501
2014,Vaud,71365.05026
2015,Vaud,69811.72854
2016,Vaud,73172.74337
2017,Vaud,69958.66797
2018,Vaud,73334.20905
2019,Vaud,73100.43559
2020,Vaud,69688.35812
2021,Vaud,76983.03265
2022,Vaud,78021.25225
1981,Valais,13175.337018848353
1982,Valais,13197.532419182702
1983,Valais,12933.773953041658
1984,Valais,12046.196263418131
1985,Valais,12036.920146930344
1986,Valais,17047.679157598548
1987,Valais,20928.623671730034
1988,Valais,22291.50364775586
1989,Valais,21144.11740699144
1990,Valais,26527.655919604273
1991,Valais,26256.856186041234
1992,Valais,26862.507735025913
1993,Valais,25703.51794625755
1994,Valais,28091.25485133561
1995,Valais,32474.227519393
1996,Valais,31021.416356149035
1997,Valais,26706.883217013437
1998,Valais,27299.82382009914
1999,Valais,26561.39221758745
2000,Valais,24695.671993585802
2001,Valais,24623.21792074298
2002,Valais,26833.06335259524
2003,Valais,31057.890496444088
2004,Valais,34396.1481861269
2005,Valais,35286.52226803938
2006,Valais,37002.11856752232
2007,Valais,40730.72037464805
2008,Valais,53542.68871
2009,Valais,53984.45768
2010,Valais,54717.72835
2011,Valais,54776.0812
2012,Valais,54316.92455
2013,Valais,54001.33377
2014,Valais,53600.25002
2015,Valais,54523.34778
2016,Valais,54237.86724
2017,Valais,54465.95656
2018,Valais,56339.42894
2019,Valais,57489.79878
2020,Valais,54827.0564
2021,Valais,57918.26556
2022,Valais,61386.57416
1981,Neuchâtel,9018.454840609365
1982,Neuchâtel,9938.610519809927
1983,Neuchâtel,10567.50185291174
1984,Neuchâtel,10561.641609840639
1985,Neuchâtel,11224.404904064702
1986,Neuchâtel,16783.70692141612
1987,Neuchâtel,21620.250411737128
1988,Neuchâtel,24036.956335592135
1989,Neuchâtel,23691.289954930053
1990,Neuchâtel,30764.514674087073
1991,Neuchâtel,31408.383197206316
1992,Neuchâtel,33042.32165980611
1993,Neuchâtel,32422.623007800867
1994,Neuchâtel,36248.21250335116
1995,Neuchâtel,42770.23725651368
1996,Neuchâtel,41616.27914284708
1997,Neuchâtel,36425.56715645678
1998,Neuchâtel,37789.21213277039
1999,Neuchâtel,37254.508473708636
2000,Neuchâtel,35043.54963196913
2001,Neuchâtel,35299.45600258357
2002,Neuchâtel,38809.484329482395
2003,Neuchâtel,45260.47110907951
2004,Neuchâtel,50442.151315220064
2005,Neuchâtel,52012.10882409619
2006,Neuchâtel,54754.94427287894
2007,Neuchâtel,60439.378187514405
2008,Neuchâtel,79450.76302
2009,Neuchâtel,74037.80592
2010,Neuchâtel,75885.53479
2011,Neuchâtel,81949.2494
2012,Neuchâtel,84089.80021
2013,Neuchâtel,84893.19718
2014,Neuchâtel,85867.69937
2015,Neuchâtel,87011.11839
2016,Neuchâtel,85085.56341
2017,Neuchâtel,87244.7338
2018,Neuchâtel,91313.82543
2019,Neuchâtel,92818.18272
2020,Neuchâtel,86950.86965
2021,Neuchâtel,100528.18797
2022,Neuchâtel,106165.29127
1981,Geneva,27645.787723561694
1982,Geneva,27553.77962602327
1983,Geneva,26877.460521152232
1984,Geneva,24924.807093931093
1985,Geneva,24805.756379361854
1986,Geneva,35001.49668205207
1987,Geneva,42822.17531815234
1988,Geneva,45466.40459389536
1989,Geneva,43000.657470385355
1990,Geneva,53805.28198487077
1991,Geneva,53126.48297966453
1992,Geneva,54231.924419249095
1993,Geneva,51788.74316465627
1994,Geneva,56498.80575171765
1995,Geneva,65210.924586352594
1996,Geneva,62207.39690434626
1997,Geneva,53491.60790266532
1998,Geneva,54624.244587693174
1999,Geneva,53102.98179899894
2000,Geneva,49341.13708602211
2001,Geneva,49173.347106484
2002,Geneva,53570.68224648968
2003,Geneva,61997.64921180692
2004,Geneva,68664.63188615485
2005,Geneva,70457.1876317082
2006,Geneva,73910.98753875149
2007,Geneva,81403.50934388724
2008,Geneva,107009.22352
2009,Geneva,102848.78601
2010,Geneva,105679.01338
2011,Geneva,105713.3554
2012,Geneva,106961.82622
2013,Geneva,107656.37463
2014,Geneva,106274.86734
2015,Geneva,104024.87416
2016,Geneva,103390.95527
2017,Geneva,104477.87808
2018,Geneva,108371.21376
2019,Geneva,108789.92838
2020,Geneva,102953.7446
2021,Geneva,110709.50574
2022,Geneva,119643.62523
1981,Jura,9879.977777854818
1982,Jura,10348.645684825644
1983,Jura,10555.655155352844
1984,Jura,10191.471901436624
1985,Jura,10520.045428205636
1986,Jura,15344.728609594602
1987,Jura,19348.990984878805
1988,Jura,21117.497424830537
1989,Jura,20480.894350030187
1990,Jura,26222.721987375982
1991,Jura,26441.32565370263
1992,Jura,27514.28709578655
1993,Jura,26738.88299886018
1994,Jura,29640.04581734459
1995,Jura,34710.851110044525
1996,Jura,33551.06687901855
1997,Jura,29195.692478588393
1998,Jura,30134.7517281113
1999,Jura,29577.20908684922
2000,Jura,27716.216594097605
2001,Jura,27828.620863314016
2002,Jura,30513.654666067483
2003,Jura,35508.33288786398
2004,Jura,39506.77433723737
2005,Jura,40686.74791551527
2006,Jura,42799.631694596064
2007,Jura,47227.84583186201
2008,Jura,62083.50416
2009,Jura,57939.49103
2010,Jura,59344.59263
2011,Jura,61564.37396
2012,Jura,62203.45888
2013,Jura,64586.34034
2014,Jura,65931.73618
2015,Jura,64264.71337
2016,Jura,63814.73767
2017,Jura,65176.49057
2018,Jura,68160.71378
2019,Jura,69362.62763
2020,Jura,62809.98072
2021,Jura,72578.02959
2022,Jura,78546.37592
